,id,target
0,c0f722661,-1.2881800976537936
1,f0953f0a5,-0.38699482074126457
2,0df072751,-0.6428467668117795
3,04caf4e0c,-1.6246685357347608
4,0e63f8bea,-1.4899169510895314
5,12537fe78,-0.729616606688244
6,965e592c0,-0.5851780872246931
